<?xml version="1.0" encoding="UTF-8"?>
<project-private xmlns="http://www.netbeans.org/ns/project-private/1">
    <editor-bookmarks xmlns="http://www.netbeans.org/ns/editor-bookmarks/2" lastBookmarkId="0"/>
    <open-files xmlns="http://www.netbeans.org/ns/projectui-open-files/2">
        <group>
            <file>file:/C:/Java/Area%2051/reto5/src/controlador/controladorapp.java</file>
            <file>file:/C:/Java/Area%2051/reto5/src/vistas/Interfaz.java</file>
            <file>file:/C:/Java/Area%2051/reto5/src/modelo/DensidadPoblacional.java</file>
            <file>file:/C:/Java/Area%2051/reto5/src/reto5/Principal.java</file>
        </group>
    </open-files>
</project-private>
